config,asim variable,skim,Description,Expression
accessibility.csv,_auPkTime,SOV_TIME__AM,peak round trip time,"skim_od[('SOV_TIME', 'AM')] + skim_do[('SOV_TIME', 'PM')]"
accessibility.csv,_auPkTime,SOV_TIME__PM,peak round trip time,"skim_od[('SOV_TIME', 'AM')] + skim_do[('SOV_TIME', 'PM')]"
accessibility.csv,_auOpTime,SOV_TIME__MD,off-peak round trip time,"skim_od[('SOV_TIME', 'MD')] + skim_do[('SOV_TIME', 'MD')]"
accessibility.csv,_inVehicleTime,WK_TRN_WK_TOTIVT__AM,o-d peak transit ivt,"skim_od[('WK_TRN_WK_TOTIVT', 'AM')]"
accessibility.csv,_outOfVehicleTime,WK_TRN_WK_IWAIT__AM,o-d peak transit ovt,"skim_od[('WK_TRN_WK_IWAIT', 'AM')] + skim_od[('WK_TRN_WK_XWAIT', 'AM')] + skim_od[('WK_TRN_WK_WACC_EGR', 'AM')] + skim_od[('WK_TRN_WK_WAUX', 'AM')]"
accessibility.csv,_outOfVehicleTime,WK_TRN_WK_XWAIT__AM,o-d peak transit ovt,"skim_od[('WK_TRN_WK_IWAIT', 'AM')] + skim_od[('WK_TRN_WK_XWAIT', 'AM')] + skim_od[('WK_TRN_WK_WACC_EGR', 'AM')] + skim_od[('WK_TRN_WK_WAUX', 'AM')]"
accessibility.csv,_outOfVehicleTime,WK_TRN_WK_WACC_EGR__AM,o-d peak transit ovt,"skim_od[('WK_TRN_WK_IWAIT', 'AM')] + skim_od[('WK_TRN_WK_XWAIT', 'AM')] + skim_od[('WK_TRN_WK_WACC_EGR', 'AM')] + skim_od[('WK_TRN_WK_WAUX', 'AM')]"
accessibility.csv,_outOfVehicleTime,WK_TRN_WK_WAUX__AM,o-d peak transit ovt,"skim_od[('WK_TRN_WK_IWAIT', 'AM')] + skim_od[('WK_TRN_WK_XWAIT', 'AM')] + skim_od[('WK_TRN_WK_WACC_EGR', 'AM')] + skim_od[('WK_TRN_WK_WAUX', 'AM')]"
accessibility.csv,_inVehicleTime,WK_TRN_WK_TOTIVT__PM,d-o peak transit ivt,"skim_od[('WK_TRN_WK_TOTIVT', 'PM')]"
accessibility.csv,_outOfVehicleTime,WK_TRN_WK_IWAIT__PM,d-o peak transit ovt,"skim_od[('WK_TRN_WK_IWAIT', 'PM')] + skim_od[('WK_TRN_WK_XWAIT', 'PM')] + skim_od[('WK_TRN_WK_WACC_EGR', 'PM')] + skim_od[('WK_TRN_WK_WAUX', 'PM')]"
accessibility.csv,_outOfVehicleTime,WK_TRN_WK_XWAIT__PM,d-o peak transit ovt,"skim_od[('WK_TRN_WK_IWAIT', 'PM')] + skim_od[('WK_TRN_WK_XWAIT', 'PM')] + skim_od[('WK_TRN_WK_WACC_EGR', 'PM')] + skim_od[('WK_TRN_WK_WAUX', 'PM')]"
accessibility.csv,_outOfVehicleTime,WK_TRN_WK_WACC_EGR__PM,d-o peak transit ovt,"skim_od[('WK_TRN_WK_IWAIT', 'PM')] + skim_od[('WK_TRN_WK_XWAIT', 'PM')] + skim_od[('WK_TRN_WK_WACC_EGR', 'PM')] + skim_od[('WK_TRN_WK_WAUX', 'PM')]"
accessibility.csv,_outOfVehicleTime,WK_TRN_WK_WAUX__PM,d-o peak transit ovt,"skim_od[('WK_TRN_WK_IWAIT', 'PM')] + skim_od[('WK_TRN_WK_XWAIT', 'PM')] + skim_od[('WK_TRN_WK_WACC_EGR', 'PM')] + skim_od[('WK_TRN_WK_WAUX', 'PM')]"
accessibility.csv,_inVehicleTime,WK_TRN_WK_TOTIVT__MD,o-d off-peak transit ivt,"skim_od[('WK_TRN_WK_TOTIVT', 'MD')]"
accessibility.csv,_outOfVehicleTime,WK_TRN_WK_IWAIT__MD,o-d off-peak transit ovt,"skim_od[('WK_TRN_WK_IWAIT', 'MD')] + skim_od[('WK_TRN_WK_XWAIT', 'MD')] + skim_od[('WK_TRN_WK_WACC_EGR', 'MD')] + skim_od[('WK_TRN_WK_WAUX', 'MD')]"
accessibility.csv,_outOfVehicleTime,WK_TRN_WK_XWAIT__MD,o-d off-peak transit ovt,"skim_od[('WK_TRN_WK_IWAIT', 'MD')] + skim_od[('WK_TRN_WK_XWAIT', 'MD')] + skim_od[('WK_TRN_WK_WACC_EGR', 'MD')] + skim_od[('WK_TRN_WK_WAUX', 'MD')]"
accessibility.csv,_outOfVehicleTime,WK_TRN_WK_WACC_EGR__MD,o-d off-peak transit ovt,"skim_od[('WK_TRN_WK_IWAIT', 'MD')] + skim_od[('WK_TRN_WK_XWAIT', 'MD')] + skim_od[('WK_TRN_WK_WACC_EGR', 'MD')] + skim_od[('WK_TRN_WK_WAUX', 'MD')]"
accessibility.csv,_outOfVehicleTime,WK_TRN_WK_WAUX__MD,o-d off-peak transit ovt,"skim_od[('WK_TRN_WK_IWAIT', 'MD')] + skim_od[('WK_TRN_WK_XWAIT', 'MD')] + skim_od[('WK_TRN_WK_WACC_EGR', 'MD')] + skim_od[('WK_TRN_WK_WAUX', 'MD')]"
accessibility.csv,_nmDist,DISTWALK,non-motorized round trip distance,skim_od['DISTWALK'] + skim_do['DISTWALK']
atwork_subtour_destination.csv,local_dist,DIST,local_dist,_DIST@skims['DIST']
tour_mode_choice.csv,util_DRIVEALONE_In_vehicle_time,SOV_TIME,DRIVEALONE - In-vehicle time,@odt_skims['SOV_TIME'] + dot_skims['SOV_TIME']
tour_mode_choice.csv,util_DRIVEALONE_Operating_cost_,SOV_DIST,DRIVEALONE - Operating cost ,@df.sov_auto_op_cost * (odt_skims['SOV_DIST'] + dot_skims['SOV_DIST'])
tour_mode_choice.csv,util_DRIVEALONE_Total_toll_,SOV_TOLL,DRIVEALONE - Total toll ,@(odt_skims['SOV_TOLL'] + dot_skims['SOV_TOLL'])*1.22
tour_mode_choice.csv,util_SHARED2_In_vehicle_time,HOV2_TIME,SHARED2 - In-vehicle time,@(odt_skims['HOV2_TIME'] + dot_skims['HOV2_TIME'])
tour_mode_choice.csv,util_SHARED2_Operating_cost,HOV2_DIST,SHARED2 - Operating cost,@df.sr2_auto_op_cost * (odt_skims['HOV2_DIST'] + dot_skims['HOV2_DIST'])
tour_mode_choice.csv,util_SHARED2_Total_toll,HOV2_TOLL,SHARED2 - Total toll,@((odt_skims['HOV2_TOLL'] + dot_skims['HOV2_TOLL']) / costShareSr2) * 1.22
tour_mode_choice.csv,util_SHARED3_In_vehicle_time,HOV3_TIME,SHARED3 - In-vehicle time,@(odt_skims['HOV3_TIME'] + dot_skims['HOV3_TIME'])
tour_mode_choice.csv,util_SHARED3_Operating_cost,HOV3_DIST,SHARED3 - Operating cost,@df.sr3p_auto_op_cost * (odt_skims['HOV3_DIST'] + dot_skims['HOV3_DIST'])
tour_mode_choice.csv,util_SHARED3_Total_toll,HOV3_TOLL,SHARED3 - Total toll,@((odt_skims['HOV3_TOLL'] + dot_skims['HOV3_TOLL']) / costShareSr3) * 1.22
tour_mode_choice.csv,util_BIKE_Time,DISTBIKE,BIKE - Time,@(od_skims['DISTBIKE'] + od_skims.reverse('DISTBIKE'))*60/bikeSpeed
tour_mode_choice.csv,util_WALK_BUS_In_vehicle_time,WK_BUS_WK_TOTIVT,WALK_BUS - In-vehicle time,@(odt_skims['WK_BUS_WK_TOTIVT'] + dot_skims['WK_BUS_WK_TOTIVT'])
tour_mode_choice.csv,util_WALK_BUS_In_vehicle_time_on_XB,WK_BUS_WK_IVTXB,WALK_BUS - In-vehicle time on XB,@(ivt_XB_multiplier - 1) * (odt_skims['WK_BUS_WK_IVTXB'] + dot_skims['WK_BUS_WK_IVTXB'])
tour_mode_choice.csv,util_WALK_BUS_iwait_time,WK_BUS_WK_IWAIT,WALK_BUS - wait time,@(odt_skims['WK_BUS_WK_IWAIT'] + dot_skims['WK_BUS_WK_IWAIT'])
tour_mode_choice.csv,util_WALK_BUS_transfer_wait_time,WK_BUS_WK_XWAIT,WALK_BUS - transfer wait time,@(odt_skims['WK_BUS_WK_XWAIT'] + dot_skims['WK_BUS_WK_XWAIT'])
tour_mode_choice.csv,util_WALK_BUS_number_of_transfers,WK_BUS_WK_XFERS,WALK_BUS - number of transfers,@((odt_skims['WK_BUS_WK_XFERS']).clip(0) + (dot_skims['WK_BUS_WK_XFERS']).clip(0))
tour_mode_choice.csv,util_WALK_BUS_Walk_time,WK_BUS_WK_WACC_EGR,WALK_BUS - Walk time,@(odt_skims['WK_BUS_WK_WACC_EGR'] + dot_skims['WK_BUS_WK_WACC_EGR'])
tour_mode_choice.csv,util_WALK_BUS_Walk_other_time,WK_BUS_WK_WAUX,WALK_BUS - Walk other time,@(odt_skims['WK_BUS_WK_WAUX'] + dot_skims['WK_BUS_WK_WAUX'])
tour_mode_choice.csv,util_WALK_BUS_Fare,WK_BUS_WK_FARE,WALK_BUS - Fare,@(odt_skims['WK_BUS_WK_FARE'] + dot_skims['WK_BUS_WK_FARE']) * 1.22 * (1 - df.trn_fare_subs_pct)
tour_mode_choice.csv,util_WALK_TRM_In_vehicle_time,WK_TRM_WK_TOTIVT,WALK_TRM - In-vehicle time,@(odt_skims['WK_TRM_WK_TOTIVT'] + dot_skims['WK_TRM_WK_TOTIVT'])
tour_mode_choice.csv,# util_WALK_TRM_In_vehicle_time_on_LB,WK_TRM_WK_IVTLB,WALK_TRM - In-vehicle time on LB,@(ivt_LB_multiplier - 1) * (odt_skims['WK_TRM_WK_IVTLB'] + dot_skims['WK_TRM_WK_IVTLB'])
tour_mode_choice.csv,# util_WALK_TRM_In_vehicle_time_on_XB,WK_TRM_WK_IVTXB,WALK_TRM - In-vehicle time on XB,@(ivt_XB_multiplier - 1) * (odt_skims['WK_TRM_WK_IVTXB'] + dot_skims['WK_TRM_WK_IVTXB'])
tour_mode_choice.csv,# util_WALK_TRM_In_vehicle_time_on_MR,WK_TRM_WK_IVTMR,WALK_TRM - In-vehicle time on MR,@(ivt_MR_multiplier - 1) * (odt_skims['WK_TRM_WK_IVTMR'] + dot_skims['WK_TRM_WK_IVTMR'])
tour_mode_choice.csv,# util_WALK_TRM_In_vehicle_time_on_LR,WK_TRM_WK_IVTLR,WALK_TRM - In-vehicle time on LR,@(ivt_LR_multiplier - 1) * (odt_skims['WK_TRM_WK_IVTLR'] + dot_skims['WK_TRM_WK_IVTLR'])
tour_mode_choice.csv,util_WALK_TRM_iwait_time,WK_TRM_WK_IWAIT,WALK_TRM - Short iwait time,@(odt_skims['WK_TRM_WK_IWAIT'] + dot_skims['WK_TRM_WK_IWAIT'])
tour_mode_choice.csv,util_WALK_TRM_transfer_wait_time,WK_TRM_WK_XWAIT,WALK_TRM - transfer wait time,@(odt_skims['WK_TRM_WK_XWAIT'] + dot_skims['WK_TRM_WK_XWAIT'])
tour_mode_choice.csv,util_WALK_TRM_number_of_transfers,WK_TRM_WK_XFERS,WALK_TRM - number of transfers,@((odt_skims['WK_TRM_WK_XFERS']).clip(0) + (dot_skims['WK_TRM_WK_XFERS']).clip(0))
tour_mode_choice.csv,util_WALK_TRM_Walk_time,WK_TRM_WK_WACC_EGR,WALK_TRM - Walk  time,@(odt_skims['WK_TRM_WK_WACC_EGR'] + dot_skims['WK_TRM_WK_WACC_EGR'])
tour_mode_choice.csv,util_WALK_TRM_Walk_other_time,WK_TRM_WK_WAUX,WALK_TRM - Walk other time,@(odt_skims['WK_TRM_WK_WAUX'] + dot_skims['WK_TRM_WK_WAUX'])
tour_mode_choice.csv,util_WALK_TRM_Fare,WK_TRM_WK_FARE,WALK_TRM - Fare,@(odt_skims['WK_TRM_WK_FARE'] + dot_skims['WK_TRM_WK_FARE']) * 1.22 * (1 - df.trn_fare_subs_pct)
tour_mode_choice.csv,util_WALK_MR_In_vehicle_time,WK_MR_WK_TOTIVT,WALK_MR - In-vehicle time,@(odt_skims['WK_MR_WK_TOTIVT'] + dot_skims['WK_MR_WK_TOTIVT'])
tour_mode_choice.csv,util_WALK_MR_In_vehicle_time_on_MR,WK_MR_WK_IVTMR,WALK_MR - In-vehicle time on MR,@(ivt_MR_multiplier - 1) * (odt_skims['WK_MR_WK_IVTMR'] + dot_skims['WK_MR_WK_IVTMR'])
tour_mode_choice.csv,util_WALK_MR_In_vehicle_time_on_LR,WK_MR_WK_IVTLR,WALK_MR - In-vehicle time on LR,@(ivt_LR_multiplier - 1) * (odt_skims['WK_MR_WK_IVTLR'] + dot_skims['WK_MR_WK_IVTLR'])
tour_mode_choice.csv,util_WALK_MR_iwait_time,WK_MR_WK_IWAIT,WALK_MR - iwait time,@(odt_skims['WK_MR_WK_IWAIT'] + dot_skims['WK_MR_WK_IWAIT'])
tour_mode_choice.csv,util_WALK_MR_transfer_wait_time,WK_MR_WK_XWAIT,WALK_MR - transfer wait time,@(odt_skims['WK_MR_WK_XWAIT'] + dot_skims['WK_MR_WK_XWAIT'])
tour_mode_choice.csv,util_WALK_MR_number_of_transfers,WK_MR_WK_XFERS,WALK_MR - number of transfers,@((odt_skims['WK_MR_WK_XFERS']).clip(0) + (dot_skims['WK_MR_WK_XFERS']).clip(0))
tour_mode_choice.csv,util_WALK_MR_Walk_time,WK_MR_WK_WACC_EGR,WALK_MR - Walk access time,@(odt_skims['WK_MR_WK_WACC_EGR'] + dot_skims['WK_MR_WK_WACC_EGR'])
tour_mode_choice.csv,util_WALK_MR_Walk_other_time,WK_MR_WK_WAUX,WALK_MR - Walk other time,@(odt_skims['WK_MR_WK_WAUX'] + dot_skims['WK_MR_WK_WAUX'])
tour_mode_choice.csv,util_WALK_MR_Fare,WK_MR_WK_FARE,WALK_MR - Fare,@(odt_skims['WK_MR_WK_FARE'] + dot_skims['WK_MR_WK_FARE']) * 1.22 * (1 - df.trn_fare_subs_pct)
tour_mode_choice.csv,util_WALK_WTR_In_vehicle_time,WK_WTR_WK_TOTIVT,WALK_WTR - In-vehicle time,@(odt_skims['WK_WTR_WK_TOTIVT'] + dot_skims['WK_WTR_WK_TOTIVT'])
tour_mode_choice.csv,# util_WALK_WTR_In_vehicle_time_on_WTR,WK_WTR_WK_IVTCR,WALK_WTR - In-vehicle time on CR,@(ivt_WTR_multiplier - 1) * (odt_skims['WK_WTR_WK_IVTCR'] + dot_skims['WK_WTR_WK_IVTCR'])
tour_mode_choice.csv,# util_WALK_WTR_In_vehicle_time_on_LB,WK_WTR_WK_IVTLB,WALK_WTR - In-vehicle time on LB,@(ivt_LB_multiplier - 1) * (odt_skims['WK_WTR_WK_IVTLB'] + dot_skims['WK_WTR_WK_IVTLB'])
tour_mode_choice.csv,# util_WALK_WTR_In_vehicle_time_on_XB,WK_WTR_WK_IVTXB,WALK_WTR - In-vehicle time on XB,@(ivt_XB_multiplier - 1) * (odt_skims['WK_WTR_WK_IVTXB'] + dot_skims['WK_WTR_WK_IVTXB'])
tour_mode_choice.csv,# util_WALK_WTR_In_vehicle_time_on_MR,WK_WTR_WK_IVTMR,WALK_WTR - In-vehicle time on MR,@(ivt_MR_multiplier - 1) * (odt_skims['WK_WTR_WK_IVTMR'] + dot_skims['WK_WTR_WK_IVTMR'])
tour_mode_choice.csv,# util_WALK_WTR_In_vehicle_time_on_BR,WK_WTR_WK_IVTBR,WALK_WTR - In-vehicle time on BR,@(ivt_BR_multiplier - 1) * (odt_skims['WK_WTR_WK_IVTBR'] + dot_skims['WK_WTR_WK_IVTBR'])
tour_mode_choice.csv,# util_WALK_WTR_In_vehicle_time_on_LR,WK_WTR_WK_IVTLR,WALK_WTR - In-vehicle time on LR,@(ivt_LR_multiplier - 1) * (odt_skims['WK_WTR_WK_IVTLR'] + dot_skims['WK_WTR_WK_IVTLR'])
tour_mode_choice.csv,util_WALK_WTR_iwait_time,WK_WTR_WK_IWAIT,WALK_WTR - iwait time,@(odt_skims['WK_WTR_WK_IWAIT'] + dot_skims['WK_WTR_WK_IWAIT'])
tour_mode_choice.csv,util_WALK_WTR_transfer_wait_time,WK_WTR_WK_XWAIT,WALK_WTR - transfer wait time,@(odt_skims['WK_WTR_WK_XWAIT'] + dot_skims['WK_WTR_WK_XWAIT'])
tour_mode_choice.csv,util_WALK_WTR_number_of_transfers,WK_WTR_WK_XFERS,WALK_WTR - number of transfers,@((odt_skims['WK_WTR_WK_XFERS']).clip(0) + (dot_skims['WK_WTR_WK_XFERS']).clip(0))
tour_mode_choice.csv,util_WALK_WTR_Walk_time,WK_WTR_WK_WACC_EGR,WALK_WTR - Walk time,@(odt_skims['WK_WTR_WK_WACC_EGR'] + dot_skims['WK_WTR_WK_WACC_EGR'])
tour_mode_choice.csv,util_WALK_WTR_Walk_other_time,WK_WTR_WK_WAUX,WALK_WTR - Walk other time,@(odt_skims['WK_WTR_WK_WAUX'] + dot_skims['WK_WTR_WK_WAUX'])
tour_mode_choice.csv,util_WALK_WTR_Fare,WK_WTR_WK_FARE,WALK_WTR - Fare,@(odt_skims['WK_WTR_WK_FARE'] + dot_skims['WK_WTR_WK_FARE']) * 1.22 * (1 - df.trn_fare_subs_pct)
tour_mode_choice.csv,util_PNR_BUS_In_vehicle_time,DR_BUS_WK_TOTIVT,PNR_BUS - In-vehicle time,@(odt_skims['DR_BUS_WK_TOTIVT'] + dot_skims['WK_BUS_DR_TOTIVT'])
tour_mode_choice.csv,util_PNR_BUS_In_vehicle_time,WK_BUS_DR_TOTIVT,PNR_BUS - In-vehicle time,@(odt_skims['DR_BUS_WK_TOTIVT'] + dot_skims['WK_BUS_DR_TOTIVT'])
tour_mode_choice.csv,util_PNR_BUS_In_vehicle_time_on_LB,DR_BUS_WK_IVTLB,PNR_BUS - In-vehicle time on LB,@(ivt_LB_multiplier - 1) * (odt_skims['DR_BUS_WK_IVTLB'] + dot_skims['WK_BUS_DR_IVTLB'])
tour_mode_choice.csv,util_PNR_BUS_In_vehicle_time_on_LB,WK_BUS_DR_IVTLB,PNR_BUS - In-vehicle time on LB,@(ivt_LB_multiplier - 1) * (odt_skims['DR_BUS_WK_IVTLB'] + dot_skims['WK_BUS_DR_IVTLB'])
tour_mode_choice.csv,util_PNR_BUS_In_vehicle_time_on_XB,DR_BUS_WK_IVTXB,PNR_BUS - In-vehicle time on XB,@(ivt_XB_multiplier - 1) * (odt_skims['DR_BUS_WK_IVTXB'] + dot_skims['WK_BUS_DR_IVTXB'])
tour_mode_choice.csv,util_PNR_BUS_In_vehicle_time_on_XB,WK_BUS_DR_IVTXB,PNR_BUS - In-vehicle time on XB,@(ivt_XB_multiplier - 1) * (odt_skims['DR_BUS_WK_IVTXB'] + dot_skims['WK_BUS_DR_IVTXB'])
tour_mode_choice.csv,util_PNR_BUS_iwait_time,DR_BUS_WK_IWAIT,PNR_BUS - iwait time,@(odt_skims['DR_BUS_WK_IWAIT'] + dot_skims['WK_BUS_DR_IWAIT'])
tour_mode_choice.csv,util_PNR_BUS_iwait_time,WK_BUS_DR_IWAIT,PNR_BUS - iwait time,@(odt_skims['DR_BUS_WK_IWAIT'] + dot_skims['WK_BUS_DR_IWAIT'])
tour_mode_choice.csv,util_PNR_BUS_transfer_wait_time,DR_BUS_WK_XWAIT,PNR_BUS - transfer wait time,@(odt_skims['DR_BUS_WK_XWAIT'] + dot_skims['WK_BUS_DR_XWAIT'])
tour_mode_choice.csv,util_PNR_BUS_transfer_wait_time,WK_BUS_DR_XWAIT,PNR_BUS - transfer wait time,@(odt_skims['DR_BUS_WK_XWAIT'] + dot_skims['WK_BUS_DR_XWAIT'])
tour_mode_choice.csv,util_PNR_BUS_number_of_transfers,DR_BUS_WK_XFERS,PNR_BUS - number of transfers,@((odt_skims['DR_BUS_WK_XFERS']).clip(0) + (dot_skims['WK_BUS_DR_XFERS']).clip(0))
tour_mode_choice.csv,util_PNR_BUS_number_of_transfers,WK_BUS_DR_XFERS,PNR_BUS - number of transfers,@((odt_skims['DR_BUS_WK_XFERS']).clip(0) + (dot_skims['WK_BUS_DR_XFERS']).clip(0))
tour_mode_choice.csv,util_PNR_BUS_PNR_time,DR_BUS_WK_DTIME,PNR_BUS - PNR time,@(odt_skims['DR_BUS_WK_DTIME'] + dot_skims['WK_BUS_DR_DTIME'])
tour_mode_choice.csv,util_PNR_BUS_PNR_time,WK_BUS_DR_DTIME,PNR_BUS - PNR time,@(odt_skims['DR_BUS_WK_DTIME'] + dot_skims['WK_BUS_DR_DTIME'])
tour_mode_choice.csv,util_PNR_BUS_Walk_time,DR_BUS_WK_WACC_EGR,PNR_BUS - Walk time,@(odt_skims['DR_BUS_WK_WACC_EGR'] + dot_skims['WK_BUS_DR_WACC_EGR'])
tour_mode_choice.csv,util_PNR_BUS_Walk_time,WK_BUS_DR_WACC_EGR,PNR_BUS - Walk time,@(odt_skims['DR_BUS_WK_WACC_EGR'] + dot_skims['WK_BUS_DR_WACC_EGR'])
tour_mode_choice.csv,util_PNR_BUS_Walk_other_time,DR_BUS_WK_WAUX,PNR_BUS - Walk other time,@(odt_skims['DR_BUS_WK_WAUX'] + dot_skims['WK_BUS_DR_WAUX'])
tour_mode_choice.csv,util_PNR_BUS_Walk_other_time,WK_BUS_DR_WAUX,PNR_BUS - Walk other time,@(odt_skims['DR_BUS_WK_WAUX'] + dot_skims['WK_BUS_DR_WAUX'])
tour_mode_choice.csv,util_PNR_BUS_Fare_and_operating_cost,DR_BUS_WK_FARE,PNR_BUS - Fare and operating cost,@((odt_skims['DR_BUS_WK_FARE'] + dot_skims['WK_BUS_DR_FARE'])  * 1.22 * (1 - df.trn_fare_subs_pct) + ((odt_skims['DR_BUS_WK_OPCOST']+dot_skims['WK_BUS_DR_OPCOST'])))
tour_mode_choice.csv,util_PNR_BUS_Fare_and_operating_cost,WK_BUS_DR_FARE,PNR_BUS - Fare and operating cost,@((odt_skims['DR_BUS_WK_FARE'] + dot_skims['WK_BUS_DR_FARE'])  * 1.22 * (1 - df.trn_fare_subs_pct) + ((odt_skims['DR_BUS_WK_OPCOST']+dot_skims['WK_BUS_DR_OPCOST'])))
tour_mode_choice.csv,util_PNR_BUS_Fare_and_operating_cost,DR_BUS_WK_OPCOST,PNR_BUS - Fare and operating cost,@((odt_skims['DR_BUS_WK_FARE'] + dot_skims['WK_BUS_DR_FARE'])  * 1.22 * (1 - df.trn_fare_subs_pct) + ((odt_skims['DR_BUS_WK_OPCOST']+dot_skims['WK_BUS_DR_OPCOST'])))
tour_mode_choice.csv,util_PNR_BUS_Fare_and_operating_cost,WK_BUS_DR_OPCOST,PNR_BUS - Fare and operating cost,@((odt_skims['DR_BUS_WK_FARE'] + dot_skims['WK_BUS_DR_FARE'])  * 1.22 * (1 - df.trn_fare_subs_pct) + ((odt_skims['DR_BUS_WK_OPCOST']+dot_skims['WK_BUS_DR_OPCOST'])))
tour_mode_choice.csv,#util_PNR_BUS_Fare_and_operating_cost,DR_BUS_WK_DDIST,PNR_BUS - Fare and operating cost,@((odt_skims['DR_BUS_WK_FARE'] + dot_skims['WK_BUS_DR_FARE'])  * 1.22 * (1 - df.trn_fare_subs_pct) + ((odt_skims['DR_BUS_WK_DDIST']+dot_skims['WK_BUS_DR_DDIST']) * costPerMile))
tour_mode_choice.csv,#util_PNR_BUS_Fare_and_operating_cost,WK_BUS_DR_DDIST,PNR_BUS - Fare and operating cost,@((odt_skims['DR_BUS_WK_FARE'] + dot_skims['WK_BUS_DR_FARE'])  * 1.22 * (1 - df.trn_fare_subs_pct) + ((odt_skims['DR_BUS_WK_DDIST']+dot_skims['WK_BUS_DR_DDIST']) * costPerMile))
tour_mode_choice.csv,util_PNR_TRM_In_vehicle_time,DR_TRM_WK_TOTIVT,PNR_TRM - In-vehicle time,@(odt_skims['DR_TRM_WK_TOTIVT'] + dot_skims['WK_TRM_DR_TOTIVT'])
tour_mode_choice.csv,util_PNR_TRM_In_vehicle_time,WK_TRM_DR_TOTIVT,PNR_TRM - In-vehicle time,@(odt_skims['DR_TRM_WK_TOTIVT'] + dot_skims['WK_TRM_DR_TOTIVT'])
tour_mode_choice.csv,# util_PNR_TRM_In_vehicle_time_on_LB,DR_TRM_WK_IVTLB,PNR_TRM - In-vehicle time on LB,@(ivt_LB_multiplier - 1) * (odt_skims['DR_TRM_WK_IVTLB'] + dot_skims['WK_TRM_DR_IVTLB'])
tour_mode_choice.csv,# util_PNR_TRM_In_vehicle_time_on_LB,WK_TRM_DR_IVTLB,PNR_TRM - In-vehicle time on LB,@(ivt_LB_multiplier - 1) * (odt_skims['DR_TRM_WK_IVTLB'] + dot_skims['WK_TRM_DR_IVTLB'])
tour_mode_choice.csv,# util_PNR_TRM_In_vehicle_time_on_XB,DR_TRM_WK_IVTXB,PNR_TRM - In-vehicle time on XB,@(ivt_XB_multiplier - 1) * (odt_skims['DR_TRM_WK_IVTXB'] + dot_skims['WK_TRM_DR_IVTXB'])
tour_mode_choice.csv,# util_PNR_TRM_In_vehicle_time_on_XB,WK_TRM_DR_IVTXB,PNR_TRM - In-vehicle time on XB,@(ivt_XB_multiplier - 1) * (odt_skims['DR_TRM_WK_IVTXB'] + dot_skims['WK_TRM_DR_IVTXB'])
tour_mode_choice.csv,# util_PNR_TRM_In_vehicle_time_on_MR,DR_TRM_WK_IVTMR,PNR_TRM - In-vehicle time on MR,@(ivt_MR_multiplier - 1) * (odt_skims['DR_TRM_WK_IVTMR'] + dot_skims['WK_TRM_DR_IVTMR'])
tour_mode_choice.csv,# util_PNR_TRM_In_vehicle_time_on_MR,WK_TRM_DR_IVTMR,PNR_TRM - In-vehicle time on MR,@(ivt_MR_multiplier - 1) * (odt_skims['DR_TRM_WK_IVTMR'] + dot_skims['WK_TRM_DR_IVTMR'])
tour_mode_choice.csv,# util_PNR_TRM_In_vehicle_time_on_LR,DR_TRM_WK_IVTLR,PNR_TRM - In-vehicle time on LR,@(ivt_LR_multiplier - 1) * (odt_skims['DR_TRM_WK_IVTLR'] + dot_skims['WK_TRM_DR_IVTLR'])
tour_mode_choice.csv,# util_PNR_TRM_In_vehicle_time_on_LR,WK_TRM_DR_IVTLR,PNR_TRM - In-vehicle time on LR,@(ivt_LR_multiplier - 1) * (odt_skims['DR_TRM_WK_IVTLR'] + dot_skims['WK_TRM_DR_IVTLR'])
tour_mode_choice.csv,util_PNR_TRM_iwait_time,DR_TRM_WK_IWAIT,PNR_TRM - iwait time,@(odt_skims['DR_TRM_WK_IWAIT'] + dot_skims['WK_TRM_DR_IWAIT'])
tour_mode_choice.csv,util_PNR_TRM_iwait_time,WK_TRM_DR_IWAIT,PNR_TRM - iwait time,@(odt_skims['DR_TRM_WK_IWAIT'] + dot_skims['WK_TRM_DR_IWAIT'])
tour_mode_choice.csv,util_PNR_TRM_transfer_wait_time,DR_TRM_WK_XWAIT,PNR_TRM - transfer wait time,@(odt_skims['DR_TRM_WK_XWAIT'] + dot_skims['WK_TRM_DR_XWAIT'])
tour_mode_choice.csv,util_PNR_TRM_transfer_wait_time,WK_TRM_DR_XWAIT,PNR_TRM - transfer wait time,@(odt_skims['DR_TRM_WK_XWAIT'] + dot_skims['WK_TRM_DR_XWAIT'])
tour_mode_choice.csv,util_PNR_TRM_number_of_transfers,DR_TRM_WK_XFERS,PNR_TRM - number of transfers,@((odt_skims['DR_TRM_WK_XFERS']).clip(0) + (dot_skims['WK_TRM_DR_XFERS']).clip(0))
tour_mode_choice.csv,util_PNR_TRM_number_of_transfers,WK_TRM_DR_XFERS,PNR_TRM - number of transfers,@((odt_skims['DR_TRM_WK_XFERS']).clip(0) + (dot_skims['WK_TRM_DR_XFERS']).clip(0))
tour_mode_choice.csv,util_PNR_TRM_PNR_time,DR_TRM_WK_DTIME,PNR_TRM - PNR time,@(odt_skims['DR_TRM_WK_DTIME'] + dot_skims['WK_TRM_DR_DTIME'])
tour_mode_choice.csv,util_PNR_TRM_PNR_time,WK_TRM_DR_DTIME,PNR_TRM - PNR time,@(odt_skims['DR_TRM_WK_DTIME'] + dot_skims['WK_TRM_DR_DTIME'])
tour_mode_choice.csv,util_PNR_TRM_Walk_time,DR_TRM_WK_WACC_EGR,PNR_TRM - Walk time,@(odt_skims['DR_TRM_WK_WACC_EGR'] + dot_skims['WK_TRM_DR_WACC_EGR'])
tour_mode_choice.csv,util_PNR_TRM_Walk_time,WK_TRM_DR_WACC_EGR,PNR_TRM - Walk time,@(odt_skims['DR_TRM_WK_WACC_EGR'] + dot_skims['WK_TRM_DR_WACC_EGR'])
tour_mode_choice.csv,util_PNR_TRM_Walk_other_time,DR_TRM_WK_WAUX,PNR_TRM - Walk other time,@(odt_skims['DR_TRM_WK_WAUX'] + dot_skims['WK_TRM_DR_WAUX'])
tour_mode_choice.csv,util_PNR_TRM_Walk_other_time,WK_TRM_DR_WAUX,PNR_TRM - Walk other time,@(odt_skims['DR_TRM_WK_WAUX'] + dot_skims['WK_TRM_DR_WAUX'])
tour_mode_choice.csv,util_PNR_TRM_Fare_and_operating_cost,DR_TRM_WK_FARE,PNR_TRM - Fare and operating cost,@((odt_skims['DR_TRM_WK_FARE'] + dot_skims['WK_TRM_DR_FARE'])  * 1.22 * (1 - df.trn_fare_subs_pct) + ((odt_skims['DR_TRM_WK_DDIST']+dot_skims['WK_TRM_DR_DDIST']) * costPerMile))
tour_mode_choice.csv,util_PNR_TRM_Fare_and_operating_cost,WK_TRM_DR_FARE,PNR_TRM - Fare and operating cost,@((odt_skims['DR_TRM_WK_FARE'] + dot_skims['WK_TRM_DR_FARE'])  * 1.22 * (1 - df.trn_fare_subs_pct) + ((odt_skims['DR_TRM_WK_DDIST']+dot_skims['WK_TRM_DR_DDIST']) * costPerMile))
tour_mode_choice.csv,util_PNR_TRM_Fare_and_operating_cost,DR_TRM_WK_DDIST,PNR_TRM - Fare and operating cost,@((odt_skims['DR_TRM_WK_FARE'] + dot_skims['WK_TRM_DR_FARE'])  * 1.22 * (1 - df.trn_fare_subs_pct) + ((odt_skims['DR_TRM_WK_DDIST']+dot_skims['WK_TRM_DR_DDIST']) * costPerMile))
tour_mode_choice.csv,util_PNR_TRM_Fare_and_operating_cost,WK_TRM_DR_DDIST,PNR_TRM - Fare and operating cost,@((odt_skims['DR_TRM_WK_FARE'] + dot_skims['WK_TRM_DR_FARE'])  * 1.22 * (1 - df.trn_fare_subs_pct) + ((odt_skims['DR_TRM_WK_DDIST']+dot_skims['WK_TRM_DR_DDIST']) * costPerMile))
tour_mode_choice.csv,util_PNR_MR_In_vehicle_time,DR_MR_WK_TOTIVT,PNR_MR - In-vehicle time,@(odt_skims['DR_MR_WK_TOTIVT'] + dot_skims['WK_MR_DR_TOTIVT'])
tour_mode_choice.csv,util_PNR_MR_In_vehicle_time,WK_MR_DR_TOTIVT,PNR_MR - In-vehicle time,@(odt_skims['DR_MR_WK_TOTIVT'] + dot_skims['WK_MR_DR_TOTIVT'])
tour_mode_choice.csv,util_PNR_MR_In_vehicle_time_on_MR,DR_MR_WK_IVTMR,PNR_MR - In-vehicle time on MR,@(ivt_MR_multiplier - 1) * (odt_skims['DR_MR_WK_IVTMR'] + dot_skims['WK_MR_DR_IVTMR'])
tour_mode_choice.csv,util_PNR_MR_In_vehicle_time_on_MR,WK_MR_DR_IVTMR,PNR_MR - In-vehicle time on MR,@(ivt_MR_multiplier - 1) * (odt_skims['DR_MR_WK_IVTMR'] + dot_skims['WK_MR_DR_IVTMR'])
tour_mode_choice.csv,util_PNR_MR_In_vehicle_time_on_LR,DR_MR_WK_IVTLR,PNR_MR - In-vehicle time on LR,@(ivt_LR_multiplier - 1) * (odt_skims['DR_MR_WK_IVTLR'] + dot_skims['WK_MR_DR_IVTLR'])
tour_mode_choice.csv,util_PNR_MR_In_vehicle_time_on_LR,WK_MR_DR_IVTLR,PNR_MR - In-vehicle time on LR,@(ivt_LR_multiplier - 1) * (odt_skims['DR_MR_WK_IVTLR'] + dot_skims['WK_MR_DR_IVTLR'])
tour_mode_choice.csv,util_PNR_MR_iwait_time,DR_MR_WK_IWAIT,PNR_MR - iwait time,@(odt_skims['DR_MR_WK_IWAIT'] + dot_skims['WK_MR_DR_IWAIT'])
tour_mode_choice.csv,util_PNR_MR_iwait_time,WK_MR_DR_IWAIT,PNR_MR - iwait time,@(odt_skims['DR_MR_WK_IWAIT'] + dot_skims['WK_MR_DR_IWAIT'])
tour_mode_choice.csv,util_PNR_MR_transfer_wait_time,DR_MR_WK_XWAIT,PNR_MR - transfer wait time,@(odt_skims['DR_MR_WK_XWAIT'] + dot_skims['WK_MR_DR_XWAIT'])
tour_mode_choice.csv,util_PNR_MR_transfer_wait_time,WK_MR_DR_XWAIT,PNR_MR - transfer wait time,@(odt_skims['DR_MR_WK_XWAIT'] + dot_skims['WK_MR_DR_XWAIT'])
tour_mode_choice.csv,util_PNR_MR_number_of_transfers,DR_MR_WK_XFERS,PNR_MR - number of transfers,@((odt_skims['DR_MR_WK_XFERS']).clip(0) + (dot_skims['WK_MR_DR_XFERS']).clip(0))
tour_mode_choice.csv,util_PNR_MR_number_of_transfers,WK_MR_DR_XFERS,PNR_MR - number of transfers,@((odt_skims['DR_MR_WK_XFERS']).clip(0) + (dot_skims['WK_MR_DR_XFERS']).clip(0))
tour_mode_choice.csv,util_PNR_MR_PNR_time,DR_MR_WK_DTIME,PNR_MR - PNR time,@(odt_skims['DR_MR_WK_DTIME'] + dot_skims['WK_MR_DR_DTIME'])
tour_mode_choice.csv,util_PNR_MR_PNR_time,WK_MR_DR_DTIME,PNR_MR - PNR time,@(odt_skims['DR_MR_WK_DTIME'] + dot_skims['WK_MR_DR_DTIME'])
tour_mode_choice.csv,util_PNR_MR_Walk_time,DR_MR_WK_WACC_EGR,PNR_MR - Walk time,@(odt_skims['DR_MR_WK_WACC_EGR'] + dot_skims['WK_MR_DR_WACC_EGR'])
tour_mode_choice.csv,util_PNR_MR_Walk_time,WK_MR_DR_WACC_EGR,PNR_MR - Walk time,@(odt_skims['DR_MR_WK_WACC_EGR'] + dot_skims['WK_MR_DR_WACC_EGR'])
tour_mode_choice.csv,util_PNR_MR_Walk_other_time,DR_MR_WK_WAUX,PNR_MR - Walk other time,@(odt_skims['DR_MR_WK_WAUX'] + dot_skims['WK_MR_DR_WAUX'])
tour_mode_choice.csv,util_PNR_MR_Walk_other_time,WK_MR_DR_WAUX,PNR_MR - Walk other time,@(odt_skims['DR_MR_WK_WAUX'] + dot_skims['WK_MR_DR_WAUX'])
tour_mode_choice.csv,util_PNR_MR_Fare_and_operating_cost,DR_MR_WK_FARE,PNR_MR - Fare and operating cost,@((odt_skims['DR_MR_WK_FARE'] + dot_skims['WK_MR_DR_FARE'])  * 1.22  * (1 - df.trn_fare_subs_pct)+ ((odt_skims['DR_MR_WK_DDIST']+dot_skims['WK_MR_DR_DDIST']) * costPerMile))
tour_mode_choice.csv,util_PNR_MR_Fare_and_operating_cost,WK_MR_DR_FARE,PNR_MR - Fare and operating cost,@((odt_skims['DR_MR_WK_FARE'] + dot_skims['WK_MR_DR_FARE'])  * 1.22  * (1 - df.trn_fare_subs_pct)+ ((odt_skims['DR_MR_WK_DDIST']+dot_skims['WK_MR_DR_DDIST']) * costPerMile))
tour_mode_choice.csv,util_PNR_MR_Fare_and_operating_cost,DR_MR_WK_DDIST,PNR_MR - Fare and operating cost,@((odt_skims['DR_MR_WK_FARE'] + dot_skims['WK_MR_DR_FARE'])  * 1.22  * (1 - df.trn_fare_subs_pct)+ ((odt_skims['DR_MR_WK_DDIST']+dot_skims['WK_MR_DR_DDIST']) * costPerMile))
tour_mode_choice.csv,util_PNR_MR_Fare_and_operating_cost,WK_MR_DR_DDIST,PNR_MR - Fare and operating cost,@((odt_skims['DR_MR_WK_FARE'] + dot_skims['WK_MR_DR_FARE'])  * 1.22  * (1 - df.trn_fare_subs_pct)+ ((odt_skims['DR_MR_WK_DDIST']+dot_skims['WK_MR_DR_DDIST']) * costPerMile))
tour_mode_choice.csv,util_PNR_WTR_In_vehicle_time,DR_WTR_WK_TOTIVT,PNR_WTR - In-vehicle time,@(odt_skims['DR_WTR_WK_TOTIVT'] + dot_skims['WK_WTR_DR_TOTIVT'])
tour_mode_choice.csv,util_PNR_WTR_In_vehicle_time,WK_WTR_DR_TOTIVT,PNR_WTR - In-vehicle time,@(odt_skims['DR_WTR_WK_TOTIVT'] + dot_skims['WK_WTR_DR_TOTIVT'])
tour_mode_choice.csv,util_PNR_WTR_In_vehicle_time_on_WTR,DR_WTR_WK_IVTCR,PNR_WTR - In-vehicle time on CR,@(ivt_WTR_multiplier - 1) * (odt_skims['DR_WTR_WK_IVTCR'] + dot_skims['WK_WTR_DR_IVTCR'])
tour_mode_choice.csv,util_PNR_WTR_In_vehicle_time_on_WTR,WK_WTR_DR_IVTCR,PNR_WTR - In-vehicle time on CR,@(ivt_WTR_multiplier - 1) * (odt_skims['DR_WTR_WK_IVTCR'] + dot_skims['WK_WTR_DR_IVTCR'])
tour_mode_choice.csv,util_PNR_WTR_In_vehicle_time_on_LB,DR_WTR_WK_IVTLB,PNR_WTR - In-vehicle time on LB,@(ivt_LB_multiplier - 1) * (odt_skims['DR_WTR_WK_IVTLB'] + dot_skims['WK_WTR_DR_IVTLB'])
tour_mode_choice.csv,util_PNR_WTR_In_vehicle_time_on_LB,WK_WTR_DR_IVTLB,PNR_WTR - In-vehicle time on LB,@(ivt_LB_multiplier - 1) * (odt_skims['DR_WTR_WK_IVTLB'] + dot_skims['WK_WTR_DR_IVTLB'])
tour_mode_choice.csv,util_PNR_WTR_In_vehicle_time_on_XB,DR_WTR_WK_IVTXB,PNR_WTR - In-vehicle time on XB,@(ivt_XB_multiplier - 1) * (odt_skims['DR_WTR_WK_IVTXB'] + dot_skims['WK_WTR_DR_IVTXB'])
tour_mode_choice.csv,util_PNR_WTR_In_vehicle_time_on_XB,WK_WTR_DR_IVTXB,PNR_WTR - In-vehicle time on XB,@(ivt_XB_multiplier - 1) * (odt_skims['DR_WTR_WK_IVTXB'] + dot_skims['WK_WTR_DR_IVTXB'])
tour_mode_choice.csv,util_PNR_WTR_In_vehicle_time_on_MR,DR_WTR_WK_IVTMR,PNR_WTR - In-vehicle time on MR,@(ivt_MR_multiplier - 1) * (odt_skims['DR_WTR_WK_IVTMR'] + dot_skims['WK_WTR_DR_IVTMR'])
tour_mode_choice.csv,util_PNR_WTR_In_vehicle_time_on_MR,WK_WTR_DR_IVTMR,PNR_WTR - In-vehicle time on MR,@(ivt_MR_multiplier - 1) * (odt_skims['DR_WTR_WK_IVTMR'] + dot_skims['WK_WTR_DR_IVTMR'])
tour_mode_choice.csv,util_PNR_WTR_In_vehicle_time_on_BR,DR_WTR_WK_IVTBR,PNR_WTR - In-vehicle time on BR,@(ivt_BR_multiplier - 1) * (odt_skims['DR_WTR_WK_IVTBR'] + dot_skims['WK_WTR_DR_IVTBR'])
tour_mode_choice.csv,util_PNR_WTR_In_vehicle_time_on_BR,WK_WTR_DR_IVTBR,PNR_WTR - In-vehicle time on BR,@(ivt_BR_multiplier - 1) * (odt_skims['DR_WTR_WK_IVTBR'] + dot_skims['WK_WTR_DR_IVTBR'])
tour_mode_choice.csv,util_PNR_WTR_In_vehicle_time_on_LR,DR_WTR_WK_IVTLR,PNR_WTR - In-vehicle time on LR,@(ivt_LR_multiplier - 1) * (odt_skims['DR_WTR_WK_IVTLR'] + dot_skims['WK_WTR_DR_IVTLR'])
tour_mode_choice.csv,util_PNR_WTR_In_vehicle_time_on_LR,WK_WTR_DR_IVTLR,PNR_WTR - In-vehicle time on LR,@(ivt_LR_multiplier - 1) * (odt_skims['DR_WTR_WK_IVTLR'] + dot_skims['WK_WTR_DR_IVTLR'])
tour_mode_choice.csv,util_PNR_WTR_iwait_time,DR_WTR_WK_IWAIT,PNR_WTR - iwait time,@(odt_skims['DR_WTR_WK_IWAIT'] + dot_skims['WK_WTR_DR_IWAIT'])
tour_mode_choice.csv,util_PNR_WTR_iwait_time,WK_WTR_DR_IWAIT,PNR_WTR - iwait time,@(odt_skims['DR_WTR_WK_IWAIT'] + dot_skims['WK_WTR_DR_IWAIT'])
tour_mode_choice.csv,util_PNR_WTR_transfer_wait_time,DR_WTR_WK_XWAIT,PNR_WTR - transfer wait time,@(odt_skims['DR_WTR_WK_XWAIT'] + dot_skims['WK_WTR_DR_XWAIT'])
tour_mode_choice.csv,util_PNR_WTR_transfer_wait_time,WK_WTR_DR_XWAIT,PNR_WTR - transfer wait time,@(odt_skims['DR_WTR_WK_XWAIT'] + dot_skims['WK_WTR_DR_XWAIT'])
tour_mode_choice.csv,util_PNR_WTR_number_of_transfers,DR_WTR_WK_XFERS,PNR_WTR - number of transfers,@((odt_skims['DR_WTR_WK_XFERS']).clip(0) + (dot_skims['WK_WTR_DR_XFERS']).clip(0))
tour_mode_choice.csv,util_PNR_WTR_number_of_transfers,WK_WTR_DR_XFERS,PNR_WTR - number of transfers,@((odt_skims['DR_WTR_WK_XFERS']).clip(0) + (dot_skims['WK_WTR_DR_XFERS']).clip(0))
tour_mode_choice.csv,util_PNR_WTR_PNR_time,DR_WTR_WK_DTIME,PNR_WTR - PNR time,@(odt_skims['DR_WTR_WK_DTIME'] + dot_skims['WK_WTR_DR_DTIME'])
tour_mode_choice.csv,util_PNR_WTR_PNR_time,WK_WTR_DR_DTIME,PNR_WTR - PNR time,@(odt_skims['DR_WTR_WK_DTIME'] + dot_skims['WK_WTR_DR_DTIME'])
tour_mode_choice.csv,util_PNR_WTR_Walk_time,DR_WTR_WK_WACC_EGR,PNR_WTR - Walk time,@(odt_skims['DR_WTR_WK_WACC_EGR'] + dot_skims['WK_WTR_DR_WACC_EGR'])
tour_mode_choice.csv,util_PNR_WTR_Walk_time,WK_WTR_DR_WACC_EGR,PNR_WTR - Walk time,@(odt_skims['DR_WTR_WK_WACC_EGR'] + dot_skims['WK_WTR_DR_WACC_EGR'])
tour_mode_choice.csv,util_PNR_WTR_Walk_other_time,DR_WTR_WK_WAUX,PNR_WTR - Walk other time,@(odt_skims['DR_WTR_WK_WAUX'] + dot_skims['WK_WTR_DR_WAUX'])
tour_mode_choice.csv,util_PNR_WTR_Walk_other_time,WK_WTR_DR_WAUX,PNR_WTR - Walk other time,@(odt_skims['DR_WTR_WK_WAUX'] + dot_skims['WK_WTR_DR_WAUX'])
tour_mode_choice.csv,util_PNR_WTR_Fare_and_operating_cost,DR_WTR_WK_FARE,PNR_WTR - Fare and operating cost,@((odt_skims['DR_WTR_WK_FARE'] + dot_skims['WK_WTR_DR_FARE'])  * 1.22 * (1 - df.trn_fare_subs_pct) + ((odt_skims['DR_WTR_WK_DDIST']+dot_skims['WK_WTR_DR_DDIST']) * costPerMile))
tour_mode_choice.csv,util_PNR_WTR_Fare_and_operating_cost,WK_WTR_DR_FARE,PNR_WTR - Fare and operating cost,@((odt_skims['DR_WTR_WK_FARE'] + dot_skims['WK_WTR_DR_FARE'])  * 1.22 * (1 - df.trn_fare_subs_pct) + ((odt_skims['DR_WTR_WK_DDIST']+dot_skims['WK_WTR_DR_DDIST']) * costPerMile))
tour_mode_choice.csv,util_PNR_WTR_Fare_and_operating_cost,DR_WTR_WK_DDIST,PNR_WTR - Fare and operating cost,@((odt_skims['DR_WTR_WK_FARE'] + dot_skims['WK_WTR_DR_FARE'])  * 1.22 * (1 - df.trn_fare_subs_pct) + ((odt_skims['DR_WTR_WK_DDIST']+dot_skims['WK_WTR_DR_DDIST']) * costPerMile))
tour_mode_choice.csv,util_PNR_WTR_Fare_and_operating_cost,WK_WTR_DR_DDIST,PNR_WTR - Fare and operating cost,@((odt_skims['DR_WTR_WK_FARE'] + dot_skims['WK_WTR_DR_FARE'])  * 1.22 * (1 - df.trn_fare_subs_pct) + ((odt_skims['DR_WTR_WK_DDIST']+dot_skims['WK_WTR_DR_DDIST']) * costPerMile))
tour_mode_choice.csv,util_KNR_BUS_In_vehicle_time,KR_BUS_WK_TOTIVT,KNR_BUS - In-vehicle time,@(odt_skims['KR_BUS_WK_TOTIVT'] + dot_skims['WK_BUS_KR_TOTIVT'])
tour_mode_choice.csv,util_KNR_BUS_In_vehicle_time,WK_BUS_KR_TOTIVT,KNR_BUS - In-vehicle time,@(odt_skims['KR_BUS_WK_TOTIVT'] + dot_skims['WK_BUS_KR_TOTIVT'])
tour_mode_choice.csv,util_KNR_BUS_In_vehicle_time_on_LB,KR_BUS_WK_IVTLB,KNR_BUS - In-vehicle time on LB,@(ivt_LB_multiplier - 1) * (odt_skims['KR_BUS_WK_IVTLB'] + dot_skims['WK_BUS_KR_IVTLB'])
tour_mode_choice.csv,util_KNR_BUS_In_vehicle_time_on_LB,WK_BUS_KR_IVTLB,KNR_BUS - In-vehicle time on LB,@(ivt_LB_multiplier - 1) * (odt_skims['KR_BUS_WK_IVTLB'] + dot_skims['WK_BUS_KR_IVTLB'])
tour_mode_choice.csv,util_KNR_BUS_In_vehicle_time_on_XB,KR_BUS_WK_IVTXB,KNR_BUS - In-vehicle time on XB,@(ivt_XB_multiplier - 1) * (odt_skims['KR_BUS_WK_IVTXB'] + dot_skims['WK_BUS_KR_IVTXB'])
tour_mode_choice.csv,util_KNR_BUS_In_vehicle_time_on_XB,WK_BUS_KR_IVTXB,KNR_BUS - In-vehicle time on XB,@(ivt_XB_multiplier - 1) * (odt_skims['KR_BUS_WK_IVTXB'] + dot_skims['WK_BUS_KR_IVTXB'])
tour_mode_choice.csv,util_KNR_BUS_iwait_time,KR_BUS_WK_IWAIT,KNR_BUS - iwait time,@(odt_skims['KR_BUS_WK_IWAIT'] + dot_skims['WK_BUS_KR_IWAIT'])
tour_mode_choice.csv,util_KNR_BUS_iwait_time,WK_BUS_KR_IWAIT,KNR_BUS - iwait time,@(odt_skims['KR_BUS_WK_IWAIT'] + dot_skims['WK_BUS_KR_IWAIT'])
tour_mode_choice.csv,util_KNR_BUS_transfer_wait_time,KR_BUS_WK_XWAIT,KNR_BUS - transfer wait time,@(odt_skims['KR_BUS_WK_XWAIT'] + dot_skims['WK_BUS_KR_XWAIT'])
tour_mode_choice.csv,util_KNR_BUS_transfer_wait_time,WK_BUS_KR_XWAIT,KNR_BUS - transfer wait time,@(odt_skims['KR_BUS_WK_XWAIT'] + dot_skims['WK_BUS_KR_XWAIT'])
tour_mode_choice.csv,util_KNR_BUS_number_of_transfers,KR_BUS_WK_XFERS,KNR_BUS - number of transfers,@((odt_skims['KR_BUS_WK_XFERS']).clip(0) + (dot_skims['WK_BUS_KR_XFERS']).clip(0))
tour_mode_choice.csv,util_KNR_BUS_number_of_transfers,WK_BUS_KR_XFERS,KNR_BUS - number of transfers,@((odt_skims['KR_BUS_WK_XFERS']).clip(0) + (dot_skims['WK_BUS_KR_XFERS']).clip(0))
tour_mode_choice.csv,util_KNR_BUS_KNR_time,KR_BUS_WK_DTIME,KNR_BUS - KNR time,@(odt_skims['KR_BUS_WK_DTIME'] + dot_skims['WK_BUS_KR_DTIME'])
tour_mode_choice.csv,util_KNR_BUS_KNR_time,WK_BUS_KR_DTIME,KNR_BUS - KNR time,@(odt_skims['KR_BUS_WK_DTIME'] + dot_skims['WK_BUS_KR_DTIME'])
tour_mode_choice.csv,util_KNR_BUS_Walk_time,KR_BUS_WK_WACC_EGR,KNR_BUS - Walk time,@(odt_skims['KR_BUS_WK_WACC_EGR'] + dot_skims['WK_BUS_KR_WACC_EGR'])
tour_mode_choice.csv,util_KNR_BUS_Walk_time,WK_BUS_KR_WACC_EGR,KNR_BUS - Walk time,@(odt_skims['KR_BUS_WK_WACC_EGR'] + dot_skims['WK_BUS_KR_WACC_EGR'])
tour_mode_choice.csv,util_KNR_BUS_Walk_other_time,KR_BUS_WK_WAUX,KNR_BUS - Walk other time,@(odt_skims['KR_BUS_WK_WAUX'] + dot_skims['WK_BUS_KR_WAUX'])
tour_mode_choice.csv,util_KNR_BUS_Walk_other_time,WK_BUS_KR_WAUX,KNR_BUS - Walk other time,@(odt_skims['KR_BUS_WK_WAUX'] + dot_skims['WK_BUS_KR_WAUX'])
tour_mode_choice.csv,util_KNR_BUS_Fare_and_operating_cost,KR_BUS_WK_FARE,KNR_BUS - Fare and operating cost,@((odt_skims['KR_BUS_WK_FARE'] + dot_skims['WK_BUS_KR_FARE'])  * 1.22  * (1 - df.trn_fare_subs_pct)+ ((odt_skims['KR_BUS_WK_DDIST']+dot_skims['WK_BUS_KR_DDIST']) * costPerMile))
tour_mode_choice.csv,util_KNR_BUS_Fare_and_operating_cost,WK_BUS_KR_FARE,KNR_BUS - Fare and operating cost,@((odt_skims['KR_BUS_WK_FARE'] + dot_skims['WK_BUS_KR_FARE'])  * 1.22  * (1 - df.trn_fare_subs_pct)+ ((odt_skims['KR_BUS_WK_DDIST']+dot_skims['WK_BUS_KR_DDIST']) * costPerMile))
tour_mode_choice.csv,util_KNR_BUS_Fare_and_operating_cost,KR_BUS_WK_DDIST,KNR_BUS - Fare and operating cost,@((odt_skims['KR_BUS_WK_FARE'] + dot_skims['WK_BUS_KR_FARE'])  * 1.22  * (1 - df.trn_fare_subs_pct)+ ((odt_skims['KR_BUS_WK_DDIST']+dot_skims['WK_BUS_KR_DDIST']) * costPerMile))
tour_mode_choice.csv,util_KNR_BUS_Fare_and_operating_cost,WK_BUS_KR_DDIST,KNR_BUS - Fare and operating cost,@((odt_skims['KR_BUS_WK_FARE'] + dot_skims['WK_BUS_KR_FARE'])  * 1.22  * (1 - df.trn_fare_subs_pct)+ ((odt_skims['KR_BUS_WK_DDIST']+dot_skims['WK_BUS_KR_DDIST']) * costPerMile))
tour_mode_choice.csv,util_KNR_TRM_In_vehicle_time,KR_TRM_WK_TOTIVT,KNR_TRM - In-vehicle time,@(odt_skims['KR_TRM_WK_TOTIVT'] + dot_skims['WK_TRM_KR_TOTIVT'])
tour_mode_choice.csv,util_KNR_TRM_In_vehicle_time,WK_TRM_KR_TOTIVT,KNR_TRM - In-vehicle time,@(odt_skims['KR_TRM_WK_TOTIVT'] + dot_skims['WK_TRM_KR_TOTIVT'])
tour_mode_choice.csv,util_KNR_TRM_In_vehicle_time_on_LB,KR_TRM_WK_IVTLB,KNR_TRM - In-vehicle time on LB,@(ivt_LB_multiplier - 1) * (odt_skims['KR_TRM_WK_IVTLB'] + dot_skims['WK_TRM_KR_IVTLB'])
tour_mode_choice.csv,util_KNR_TRM_In_vehicle_time_on_LB,WK_TRM_KR_IVTLB,KNR_TRM - In-vehicle time on LB,@(ivt_LB_multiplier - 1) * (odt_skims['KR_TRM_WK_IVTLB'] + dot_skims['WK_TRM_KR_IVTLB'])
tour_mode_choice.csv,util_KNR_TRM_In_vehicle_time_on_XB,KR_TRM_WK_IVTXB,KNR_TRM - In-vehicle time on XB,@(ivt_XB_multiplier - 1) * (odt_skims['KR_TRM_WK_IVTXB'] + dot_skims['WK_TRM_KR_IVTXB'])
tour_mode_choice.csv,util_KNR_TRM_In_vehicle_time_on_XB,WK_TRM_KR_IVTXB,KNR_TRM - In-vehicle time on XB,@(ivt_XB_multiplier - 1) * (odt_skims['KR_TRM_WK_IVTXB'] + dot_skims['WK_TRM_KR_IVTXB'])
tour_mode_choice.csv,util_KNR_TRM_In_vehicle_time_on_MR,KR_TRM_WK_IVTMR,KNR_TRM - In-vehicle time on MR,@(ivt_MR_multiplier - 1) * (odt_skims['KR_TRM_WK_IVTMR'] + dot_skims['WK_TRM_KR_IVTMR'])
tour_mode_choice.csv,util_KNR_TRM_In_vehicle_time_on_MR,WK_TRM_KR_IVTMR,KNR_TRM - In-vehicle time on MR,@(ivt_MR_multiplier - 1) * (odt_skims['KR_TRM_WK_IVTMR'] + dot_skims['WK_TRM_KR_IVTMR'])
tour_mode_choice.csv,util_KNR_TRM_In_vehicle_time_on_LR,KR_TRM_WK_IVTLR,KNR_TRM - In-vehicle time on LR,@(ivt_LR_multiplier - 1) * (odt_skims['KR_TRM_WK_IVTLR'] + dot_skims['WK_TRM_KR_IVTLR'])
tour_mode_choice.csv,util_KNR_TRM_In_vehicle_time_on_LR,WK_TRM_KR_IVTLR,KNR_TRM - In-vehicle time on LR,@(ivt_LR_multiplier - 1) * (odt_skims['KR_TRM_WK_IVTLR'] + dot_skims['WK_TRM_KR_IVTLR'])
tour_mode_choice.csv,util_KNR_TRM_iwait_time,KR_TRM_WK_IWAIT,KNR_TRM - iwait time,@(odt_skims['KR_TRM_WK_IWAIT'] + dot_skims['WK_TRM_KR_IWAIT'])
tour_mode_choice.csv,util_KNR_TRM_iwait_time,WK_TRM_KR_IWAIT,KNR_TRM - iwait time,@(odt_skims['KR_TRM_WK_IWAIT'] + dot_skims['WK_TRM_KR_IWAIT'])
tour_mode_choice.csv,util_KNR_TRM_transfer_wait_time,KR_TRM_WK_XWAIT,KNR_TRM - transfer wait time,@(odt_skims['KR_TRM_WK_XWAIT'] + dot_skims['WK_TRM_KR_XWAIT'])
tour_mode_choice.csv,util_KNR_TRM_transfer_wait_time,WK_TRM_KR_XWAIT,KNR_TRM - transfer wait time,@(odt_skims['KR_TRM_WK_XWAIT'] + dot_skims['WK_TRM_KR_XWAIT'])
tour_mode_choice.csv,util_KNR_TRM_number_of_transfers,KR_TRM_WK_XFERS,KNR_TRM - number of transfers,@((odt_skims['KR_TRM_WK_XFERS']).clip(0) + (dot_skims['WK_TRM_KR_XFERS']).clip(0))
tour_mode_choice.csv,util_KNR_TRM_number_of_transfers,WK_TRM_KR_XFERS,KNR_TRM - number of transfers,@((odt_skims['KR_TRM_WK_XFERS']).clip(0) + (dot_skims['WK_TRM_KR_XFERS']).clip(0))
tour_mode_choice.csv,util_KNR_TRM_KNR_time,KR_TRM_WK_DTIME,KNR_TRM - KNR time,@(odt_skims['KR_TRM_WK_DTIME'] + dot_skims['WK_TRM_KR_DTIME'])
tour_mode_choice.csv,util_KNR_TRM_KNR_time,WK_TRM_KR_DTIME,KNR_TRM - KNR time,@(odt_skims['KR_TRM_WK_DTIME'] + dot_skims['WK_TRM_KR_DTIME'])
tour_mode_choice.csv,util_KNR_TRM_Walk_time,KR_TRM_WK_WACC_EGR,KNR_TRM - Walk time,@(odt_skims['KR_TRM_WK_WACC_EGR'] + dot_skims['WK_TRM_KR_WACC_EGR'])
tour_mode_choice.csv,util_KNR_TRM_Walk_time,WK_TRM_KR_WACC_EGR,KNR_TRM - Walk time,@(odt_skims['KR_TRM_WK_WACC_EGR'] + dot_skims['WK_TRM_KR_WACC_EGR'])
tour_mode_choice.csv,util_KNR_TRM_Walk_other_time,KR_TRM_WK_WAUX,KNR_TRM - Walk other time,@(odt_skims['KR_TRM_WK_WAUX'] + dot_skims['WK_TRM_KR_WAUX'])
tour_mode_choice.csv,util_KNR_TRM_Walk_other_time,WK_TRM_KR_WAUX,KNR_TRM - Walk other time,@(odt_skims['KR_TRM_WK_WAUX'] + dot_skims['WK_TRM_KR_WAUX'])
tour_mode_choice.csv,util_KNR_TRM_Fare_and_operating_cost,KR_TRM_WK_FARE,KNR_TRM - Fare and operating cost,@((odt_skims['KR_TRM_WK_FARE'] + dot_skims['WK_TRM_KR_FARE'])  * 1.22 * (1 - df.trn_fare_subs_pct) + ((odt_skims['KR_TRM_WK_DDIST']+dot_skims['WK_TRM_KR_DDIST']) * costPerMile))
tour_mode_choice.csv,util_KNR_TRM_Fare_and_operating_cost,WK_TRM_KR_FARE,KNR_TRM - Fare and operating cost,@((odt_skims['KR_TRM_WK_FARE'] + dot_skims['WK_TRM_KR_FARE'])  * 1.22 * (1 - df.trn_fare_subs_pct) + ((odt_skims['KR_TRM_WK_DDIST']+dot_skims['WK_TRM_KR_DDIST']) * costPerMile))
tour_mode_choice.csv,util_KNR_TRM_Fare_and_operating_cost,KR_TRM_WK_DDIST,KNR_TRM - Fare and operating cost,@((odt_skims['KR_TRM_WK_FARE'] + dot_skims['WK_TRM_KR_FARE'])  * 1.22 * (1 - df.trn_fare_subs_pct) + ((odt_skims['KR_TRM_WK_DDIST']+dot_skims['WK_TRM_KR_DDIST']) * costPerMile))
tour_mode_choice.csv,util_KNR_TRM_Fare_and_operating_cost,WK_TRM_KR_DDIST,KNR_TRM - Fare and operating cost,@((odt_skims['KR_TRM_WK_FARE'] + dot_skims['WK_TRM_KR_FARE'])  * 1.22 * (1 - df.trn_fare_subs_pct) + ((odt_skims['KR_TRM_WK_DDIST']+dot_skims['WK_TRM_KR_DDIST']) * costPerMile))
tour_mode_choice.csv,util_KNR_MR_In_vehicle_time,KR_MR_WK_TOTIVT,KNR_MR - In-vehicle time,@(odt_skims['KR_MR_WK_TOTIVT'] + dot_skims['WK_MR_KR_TOTIVT'])
tour_mode_choice.csv,util_KNR_MR_In_vehicle_time,WK_MR_KR_TOTIVT,KNR_MR - In-vehicle time,@(odt_skims['KR_MR_WK_TOTIVT'] + dot_skims['WK_MR_KR_TOTIVT'])
tour_mode_choice.csv,util_KNR_MR_In_vehicle_time_on_MR,KR_MR_WK_IVTMR,KNR_MR - In-vehicle time on MR,@(ivt_MR_multiplier - 1) * (odt_skims['KR_MR_WK_IVTMR'] + dot_skims['WK_MR_KR_IVTMR'])
tour_mode_choice.csv,util_KNR_MR_In_vehicle_time_on_MR,WK_MR_KR_IVTMR,KNR_MR - In-vehicle time on MR,@(ivt_MR_multiplier - 1) * (odt_skims['KR_MR_WK_IVTMR'] + dot_skims['WK_MR_KR_IVTMR'])
tour_mode_choice.csv,util_KNR_MR_In_vehicle_time_on_LR,KR_MR_WK_IVTLR,KNR_MR - In-vehicle time on LR,@(ivt_LR_multiplier - 1) * (odt_skims['KR_MR_WK_IVTLR'] + dot_skims['WK_MR_KR_IVTLR'])
tour_mode_choice.csv,util_KNR_MR_In_vehicle_time_on_LR,WK_MR_KR_IVTLR,KNR_MR - In-vehicle time on LR,@(ivt_LR_multiplier - 1) * (odt_skims['KR_MR_WK_IVTLR'] + dot_skims['WK_MR_KR_IVTLR'])
tour_mode_choice.csv,util_KNR_MR_iwait_time,KR_MR_WK_IWAIT,KNR_MR - iwait time,@(odt_skims['KR_MR_WK_IWAIT'] + dot_skims['WK_MR_KR_IWAIT'])
tour_mode_choice.csv,util_KNR_MR_iwait_time,WK_MR_KR_IWAIT,KNR_MR - iwait time,@(odt_skims['KR_MR_WK_IWAIT'] + dot_skims['WK_MR_KR_IWAIT'])
tour_mode_choice.csv,util_KNR_MR_transfer_wait_time,KR_MR_WK_XWAIT,KNR_MR - transfer wait time,@(odt_skims['KR_MR_WK_XWAIT'] + dot_skims['WK_MR_KR_XWAIT'])
tour_mode_choice.csv,util_KNR_MR_transfer_wait_time,WK_MR_KR_XWAIT,KNR_MR - transfer wait time,@(odt_skims['KR_MR_WK_XWAIT'] + dot_skims['WK_MR_KR_XWAIT'])
tour_mode_choice.csv,util_KNR_MR_number_of_transfers,KR_MR_WK_XFERS,KNR_MR - number of transfers,@((odt_skims['KR_MR_WK_XFERS']).clip(0) + (dot_skims['WK_MR_KR_XFERS']).clip(0))
tour_mode_choice.csv,util_KNR_MR_number_of_transfers,WK_MR_KR_XFERS,KNR_MR - number of transfers,@((odt_skims['KR_MR_WK_XFERS']).clip(0) + (dot_skims['WK_MR_KR_XFERS']).clip(0))
tour_mode_choice.csv,util_KNR_MR_KNR_time,KR_MR_WK_DTIME,KNR_MR - KNR time,@dtim_multiplier * (odt_skims['KR_MR_WK_DTIME'] + dot_skims['WK_MR_KR_DTIME'])
tour_mode_choice.csv,util_KNR_MR_KNR_time,WK_MR_KR_DTIME,KNR_MR - KNR time,@dtim_multiplier * (odt_skims['KR_MR_WK_DTIME'] + dot_skims['WK_MR_KR_DTIME'])
tour_mode_choice.csv,util_KNR_MR_Walk_time,KR_MR_WK_WACC_EGR,KNR_MR - Walk time,@(odt_skims['KR_MR_WK_WACC_EGR'] + dot_skims['WK_MR_KR_WACC_EGR'])
tour_mode_choice.csv,util_KNR_MR_Walk_time,WK_MR_KR_WACC_EGR,KNR_MR - Walk time,@(odt_skims['KR_MR_WK_WACC_EGR'] + dot_skims['WK_MR_KR_WACC_EGR'])
tour_mode_choice.csv,util_KNR_MR_Walk_other_time,KR_MR_WK_WAUX,KNR_MR - Walk other time,@(odt_skims['KR_MR_WK_WAUX'] + dot_skims['WK_MR_KR_WAUX'])
tour_mode_choice.csv,util_KNR_MR_Walk_other_time,WK_MR_KR_WAUX,KNR_MR - Walk other time,@(odt_skims['KR_MR_WK_WAUX'] + dot_skims['WK_MR_KR_WAUX'])
tour_mode_choice.csv,util_KNR_MR_Fare_and_operating_cost,KR_MR_WK_FARE,KNR_MR - Fare and operating cost,@((odt_skims['KR_MR_WK_FARE'] + dot_skims['WK_MR_KR_FARE']) * 1.22 * (1 - df.trn_fare_subs_pct) + ((odt_skims['KR_MR_WK_DDIST']+dot_skims['WK_MR_KR_DDIST']) * costPerMile))
tour_mode_choice.csv,util_KNR_MR_Fare_and_operating_cost,WK_MR_KR_FARE,KNR_MR - Fare and operating cost,@((odt_skims['KR_MR_WK_FARE'] + dot_skims['WK_MR_KR_FARE']) * 1.22 * (1 - df.trn_fare_subs_pct) + ((odt_skims['KR_MR_WK_DDIST']+dot_skims['WK_MR_KR_DDIST']) * costPerMile))
tour_mode_choice.csv,util_KNR_MR_Fare_and_operating_cost,KR_MR_WK_DDIST,KNR_MR - Fare and operating cost,@((odt_skims['KR_MR_WK_FARE'] + dot_skims['WK_MR_KR_FARE']) * 1.22 * (1 - df.trn_fare_subs_pct) + ((odt_skims['KR_MR_WK_DDIST']+dot_skims['WK_MR_KR_DDIST']) * costPerMile))
tour_mode_choice.csv,util_KNR_MR_Fare_and_operating_cost,WK_MR_KR_DDIST,KNR_MR - Fare and operating cost,@((odt_skims['KR_MR_WK_FARE'] + dot_skims['WK_MR_KR_FARE']) * 1.22 * (1 - df.trn_fare_subs_pct) + ((odt_skims['KR_MR_WK_DDIST']+dot_skims['WK_MR_KR_DDIST']) * costPerMile))
tour_mode_choice.csv,util_KNR_WTR_In_vehicle_time,KR_WTR_WK_TOTIVT,KNR_WTR - In-vehicle time,@(odt_skims['KR_WTR_WK_TOTIVT'] + dot_skims['WK_WTR_KR_TOTIVT'])
tour_mode_choice.csv,util_KNR_WTR_In_vehicle_time,WK_WTR_KR_TOTIVT,KNR_WTR - In-vehicle time,@(odt_skims['KR_WTR_WK_TOTIVT'] + dot_skims['WK_WTR_KR_TOTIVT'])
tour_mode_choice.csv,util_KNR_WTR_In_vehicle_time_on_WTR,KR_WTR_WK_IVTCR,KNR_WTR - In-vehicle time on CR,@(ivt_WTR_multiplier - 1) * (odt_skims['KR_WTR_WK_IVTCR'] + dot_skims['WK_WTR_KR_IVTCR'])
tour_mode_choice.csv,util_KNR_WTR_In_vehicle_time_on_WTR,WK_WTR_KR_IVTCR,KNR_WTR - In-vehicle time on CR,@(ivt_WTR_multiplier - 1) * (odt_skims['KR_WTR_WK_IVTCR'] + dot_skims['WK_WTR_KR_IVTCR'])
tour_mode_choice.csv,util_KNR_WTR_In_vehicle_time_on_LB,KR_WTR_WK_IVTLB,KNR_WTR - In-vehicle time on LB,@(ivt_LB_multiplier - 1) * (odt_skims['KR_WTR_WK_IVTLB'] + dot_skims['WK_WTR_KR_IVTLB'])
tour_mode_choice.csv,util_KNR_WTR_In_vehicle_time_on_LB,WK_WTR_KR_IVTLB,KNR_WTR - In-vehicle time on LB,@(ivt_LB_multiplier - 1) * (odt_skims['KR_WTR_WK_IVTLB'] + dot_skims['WK_WTR_KR_IVTLB'])
tour_mode_choice.csv,util_KNR_WTR_In_vehicle_time_on_XB,KR_WTR_WK_IVTXB,KNR_WTR - In-vehicle time on XB,@(ivt_XB_multiplier - 1) * (odt_skims['KR_WTR_WK_IVTXB'] + dot_skims['WK_WTR_KR_IVTXB'])
tour_mode_choice.csv,util_KNR_WTR_In_vehicle_time_on_XB,WK_WTR_KR_IVTXB,KNR_WTR - In-vehicle time on XB,@(ivt_XB_multiplier - 1) * (odt_skims['KR_WTR_WK_IVTXB'] + dot_skims['WK_WTR_KR_IVTXB'])
tour_mode_choice.csv,util_KNR_WTR_In_vehicle_time_on_MR,KR_WTR_WK_IVTMR,KNR_WTR - In-vehicle time on MR,@(ivt_MR_multiplier - 1) * (odt_skims['KR_WTR_WK_IVTMR'] + dot_skims['WK_WTR_KR_IVTMR'])
tour_mode_choice.csv,util_KNR_WTR_In_vehicle_time_on_MR,WK_WTR_KR_IVTMR,KNR_WTR - In-vehicle time on MR,@(ivt_MR_multiplier - 1) * (odt_skims['KR_WTR_WK_IVTMR'] + dot_skims['WK_WTR_KR_IVTMR'])
tour_mode_choice.csv,util_KNR_WTR_In_vehicle_time_on_BR,KR_WTR_WK_IVTBR,KNR_WTR - In-vehicle time on BR,@(ivt_BR_multiplier - 1) * (odt_skims['KR_WTR_WK_IVTBR'] + dot_skims['WK_WTR_KR_IVTBR'])
tour_mode_choice.csv,util_KNR_WTR_In_vehicle_time_on_BR,WK_WTR_KR_IVTBR,KNR_WTR - In-vehicle time on BR,@(ivt_BR_multiplier - 1) * (odt_skims['KR_WTR_WK_IVTBR'] + dot_skims['WK_WTR_KR_IVTBR'])
tour_mode_choice.csv,util_KNR_WTR_In_vehicle_time_on_LR,KR_WTR_WK_IVTLR,KNR_WTR - In-vehicle time on LR,@(ivt_LR_multiplier - 1) * (odt_skims['KR_WTR_WK_IVTLR'] + dot_skims['WK_WTR_KR_IVTLR'])
tour_mode_choice.csv,util_KNR_WTR_In_vehicle_time_on_LR,WK_WTR_KR_IVTLR,KNR_WTR - In-vehicle time on LR,@(ivt_LR_multiplier - 1) * (odt_skims['KR_WTR_WK_IVTLR'] + dot_skims['WK_WTR_KR_IVTLR'])
tour_mode_choice.csv,util_KNR_WTR_iwait_time,KR_WTR_WK_IWAIT,KNR_WTR - iwait time,@(odt_skims['KR_WTR_WK_IWAIT'] + dot_skims['WK_WTR_KR_IWAIT'])
tour_mode_choice.csv,util_KNR_WTR_iwait_time,WK_WTR_KR_IWAIT,KNR_WTR - iwait time,@(odt_skims['KR_WTR_WK_IWAIT'] + dot_skims['WK_WTR_KR_IWAIT'])
tour_mode_choice.csv,util_KNR_WTR_transfer_wait_time,KR_WTR_WK_XWAIT,KNR_WTR - transfer wait time,@(odt_skims['KR_WTR_WK_XWAIT'] + dot_skims['WK_WTR_KR_XWAIT'])
tour_mode_choice.csv,util_KNR_WTR_transfer_wait_time,WK_WTR_KR_XWAIT,KNR_WTR - transfer wait time,@(odt_skims['KR_WTR_WK_XWAIT'] + dot_skims['WK_WTR_KR_XWAIT'])
tour_mode_choice.csv,util_KNR_WTR_number_of_transfers,KR_WTR_WK_XFERS,KNR_WTR - number of transfers,@((odt_skims['KR_WTR_WK_XFERS']).clip(0) + (dot_skims['WK_WTR_KR_XFERS']).clip(0))
tour_mode_choice.csv,util_KNR_WTR_number_of_transfers,WK_WTR_KR_XFERS,KNR_WTR - number of transfers,@((odt_skims['KR_WTR_WK_XFERS']).clip(0) + (dot_skims['WK_WTR_KR_XFERS']).clip(0))
tour_mode_choice.csv,util_KNR_WTR_KNR_time,KR_WTR_WK_DTIME,KNR_WTR - KNR time,@(odt_skims['KR_WTR_WK_DTIME'] + dot_skims['WK_WTR_KR_DTIME'])
tour_mode_choice.csv,util_KNR_WTR_KNR_time,WK_WTR_KR_DTIME,KNR_WTR - KNR time,@(odt_skims['KR_WTR_WK_DTIME'] + dot_skims['WK_WTR_KR_DTIME'])
tour_mode_choice.csv,util_KNR_WTR_Walk_time,KR_WTR_WK_WACC_EGR,KNR_WTR - Walk time,@(odt_skims['KR_WTR_WK_WACC_EGR'] + dot_skims['WK_WTR_KR_WACC_EGR'])
tour_mode_choice.csv,util_KNR_WTR_Walk_time,WK_WTR_KR_WACC_EGR,KNR_WTR - Walk time,@(odt_skims['KR_WTR_WK_WACC_EGR'] + dot_skims['WK_WTR_KR_WACC_EGR'])
tour_mode_choice.csv,util_KNR_WTR_Walk_other_time,KR_WTR_WK_WAUX,KNR_WTR - Walk other time,@(odt_skims['KR_WTR_WK_WAUX'] + dot_skims['WK_WTR_KR_WAUX'])
tour_mode_choice.csv,util_KNR_WTR_Walk_other_time,WK_WTR_KR_WAUX,KNR_WTR - Walk other time,@(odt_skims['KR_WTR_WK_WAUX'] + dot_skims['WK_WTR_KR_WAUX'])
tour_mode_choice.csv,util_KNR_WTR_Fare_and_operating_cost,KR_WTR_WK_FARE,KNR_WTR - Fare and operating cost,@((odt_skims['KR_WTR_WK_FARE'] + dot_skims['WK_WTR_KR_FARE'])  * 1.22 * (1 - df.trn_fare_subs_pct) + ((odt_skims['KR_WTR_WK_DDIST']+dot_skims['WK_WTR_KR_DDIST']) * costPerMile))
tour_mode_choice.csv,util_KNR_WTR_Fare_and_operating_cost,WK_WTR_KR_FARE,KNR_WTR - Fare and operating cost,@((odt_skims['KR_WTR_WK_FARE'] + dot_skims['WK_WTR_KR_FARE'])  * 1.22 * (1 - df.trn_fare_subs_pct) + ((odt_skims['KR_WTR_WK_DDIST']+dot_skims['WK_WTR_KR_DDIST']) * costPerMile))
tour_mode_choice.csv,util_KNR_WTR_Fare_and_operating_cost,KR_WTR_WK_DDIST,KNR_WTR - Fare and operating cost,@((odt_skims['KR_WTR_WK_FARE'] + dot_skims['WK_WTR_KR_FARE'])  * 1.22 * (1 - df.trn_fare_subs_pct) + ((odt_skims['KR_WTR_WK_DDIST']+dot_skims['WK_WTR_KR_DDIST']) * costPerMile))
tour_mode_choice.csv,util_KNR_WTR_Fare_and_operating_cost,WK_WTR_KR_DDIST,KNR_WTR - Fare and operating cost,@((odt_skims['KR_WTR_WK_FARE'] + dot_skims['WK_WTR_KR_FARE'])  * 1.22 * (1 - df.trn_fare_subs_pct) + ((odt_skims['KR_WTR_WK_DDIST']+dot_skims['WK_WTR_KR_DDIST']) * costPerMile))
tour_mode_choice_annotate_choosers_preprocessor.csv,walk_ab_available,WK_AB_WK_IVTLB,,walk_transit_available & (odt_skims['WK_AB_WK_IVTLB']>0) & (dot_skims['WK_AB_WK_IVTLB']>0)
tour_mode_choice_annotate_choosers_preprocessor.csv,walk_bm_available,WK_BM_WK_IVTMR,,walk_transit_available & (odt_skims['WK_BM_WK_IVTMR']>0) & (dot_skims['WK_BM_WK_IVTMR']>0)
tour_mode_choice_annotate_choosers_preprocessor.csv,walk_cr_available,WK_CR_WK_IVTCR,,walk_transit_available & (odt_skims['WK_CR_WK_IVTCR']>0) & (dot_skims['WK_CR_WK_IVTCR']>0)
tour_mode_choice_annotate_choosers_preprocessor.csv,pnr_ab_available,DR_AB_WK_IVTLB,,pnr_transit_available & (odt_skims['DR_AB_WK_IVTLB']>0) & (dot_skims['WK_AB_DR_IVTLB']>0)
tour_mode_choice_annotate_choosers_preprocessor.csv,pnr_ab_available,WK_AB_DR_IVTLB,,pnr_transit_available & (odt_skims['DR_AB_WK_IVTLB']>0) & (dot_skims['WK_AB_DR_IVTLB']>0)
tour_mode_choice_annotate_choosers_preprocessor.csv,pnr_bm_available,DR_BM_WK_IVTMR,,pnr_transit_available & (odt_skims['DR_BM_WK_IVTMR']>0) & (dot_skims['WK_BM_DR_IVTMR']>0)
tour_mode_choice_annotate_choosers_preprocessor.csv,pnr_bm_available,WK_BM_DR_IVTMR,,pnr_transit_available & (odt_skims['DR_BM_WK_IVTMR']>0) & (dot_skims['WK_BM_DR_IVTMR']>0)
tour_mode_choice_annotate_choosers_preprocessor.csv,pnr_cr_available,DR_CR_WK_IVTCR,,pnr_transit_available & (odt_skims['DR_CR_WK_IVTCR']>0) & (dot_skims['WK_CR_DR_IVTCR']>0)
tour_mode_choice_annotate_choosers_preprocessor.csv,pnr_cr_available,WK_CR_DR_IVTCR,,pnr_transit_available & (odt_skims['DR_CR_WK_IVTCR']>0) & (dot_skims['WK_CR_DR_IVTCR']>0)
tour_mode_choice_annotate_choosers_preprocessor.csv,knr_ab_available,KR_AB_WK_IVTLB,,knr_transit_available & (odt_skims['KR_AB_WK_IVTLB']>0) & (dot_skims['WK_AB_KR_IVTLB']>0)
tour_mode_choice_annotate_choosers_preprocessor.csv,knr_ab_available,WK_AB_KR_IVTLB,,knr_transit_available & (odt_skims['KR_AB_WK_IVTLB']>0) & (dot_skims['WK_AB_KR_IVTLB']>0)
tour_mode_choice_annotate_choosers_preprocessor.csv,knr_bm_available,KR_BM_WK_IVTMR,,knr_transit_available & (odt_skims['KR_BM_WK_IVTMR']>0) & (dot_skims['WK_BM_KR_IVTMR']>0)
tour_mode_choice_annotate_choosers_preprocessor.csv,knr_bm_available,WK_BM_KR_IVTMR,,knr_transit_available & (odt_skims['KR_BM_WK_IVTMR']>0) & (dot_skims['WK_BM_KR_IVTMR']>0)
tour_mode_choice_annotate_choosers_preprocessor.csv,knr_cr_available,KR_CR_WK_IVTCR,,knr_transit_available & (odt_skims['KR_CR_WK_IVTCR']>0) & (dot_skims['WK_CR_KR_IVTCR']>0)
tour_mode_choice_annotate_choosers_preprocessor.csv,knr_cr_available,WK_CR_KR_IVTCR,,knr_transit_available & (odt_skims['KR_CR_WK_IVTCR']>0) & (dot_skims['WK_CR_KR_IVTCR']>0)
tour_scheduling_atwork_preprocessor.csv,od_distance,SOV_DIST__MD,local scalar distance skim,"od_skims[('SOV_DIST', 'MD')]"
workplace_location.csv,dest_county,COUNTY,,_COUNTY@skims['COUNTY']
